wavelength_A,flux_obs,flux_err,flux_model
3000,1e-15,1e-16,1e-15
4000,1e-15,1e-16,1e-15
5000,1e-15,1e-16,1e-15
6000,1e-15,1e-16,1e-15
7000,1e-15,1e-16,1e-15
8000,1e-15,1e-16,1e-15
9000,1e-15,1e-16,1e-15
10000,1e-15,1e-16,1e-15
11000,1e-15,1e-16,1e-15
12000,1e-15,1e-16,1e-15
13000,1e-15,1e-16,1e-15
14000,1e-15,1e-16,1e-15
15000,1e-15,1e-16,1e-15
16000,1e-15,1e-16,1e-15
17000,1e-15,1e-16,1e-15
18000,1e-15,1e-16,1e-15
19000,1e-15,1e-16,1e-15
20000,1e-15,1e-16,1e-15
21000,1e-15,1e-16,1e-15
22000,1e-15,1e-16,1e-15
23000,1e-15,1e-16,1e-15
24000,1e-15,1e-16,1e-15
